open,high,low,close,volume,compaired_gain,strategy_gain,buy_point,sell_point,reason,summary
15.08,15.21,14.84,14.87,452939.0,10000.0,10000.0,,,OHLCV分析：股价从20元高点持续回落至15元区间，成交量呈现萎缩态势，3月31日出现放量下跌，显示市场抛压较大；技术指标分析：SMA5(15.452)下穿SMA20(16.806)形成死叉，RSI(40.61)接近超卖区但未出现背离，布林带(上轨19.204/中轨16.806/下轨14.408)显示股价在下轨附近徘徊，MACD柱状图持续负值且无金叉信号，KDJ指标%K(7.05)与%D(6.35)严重超卖但未现拐头，ATR(0.846)显示波动率降低；市场环境：上证指数弱势震荡，科技板块整体承压，北向资金近期流出明显；消息面：年报显示营收利润双降创历史最差业绩，虽与央企合作但短期难改基本面颓势；仓位分析：当前空仓状态，作为风险厌恶型投资者，在技术面和基本面均未出现明确买入信号时应保持观望。,业绩下滑市场担忧，技术指标弱势震荡，暂观望
15.02,15.13,14.8,14.99,371981.0,9960.212201591512,10000.0,,,OHLCV分析：股价从20元高点持续回落至14.87元，成交量萎缩明显，显示市场参与度降低；技术指标分析：SMA5(15.316)下穿SMA20(16.711)形成死叉，RSI(39.293)接近超卖区域但未现背离，布林带(上轨19.254/中轨16.711/下轨14.169)显示价格在下轨附近徘徊，MACD柱状图持续负值且无金叉信号，KDJ指标%K(9.418)与%D(7.436)均处超卖区但未现反弹迹象，ATR(0.812)显示波动率降低；市场环境：上证指数震荡下行，科技板块整体弱势，北向资金持续流出；消息面：公司高管频繁变动、连续亏损等负面因素压制股价，虽然回购股份但金额较小难以扭转趋势；仓位分析：当前空仓状态，作为风险厌恶型投资者，在趋势未明前应保持观望。,股价下行趋势未改，公司基本面承压，观望为宜
14.81,15.08,14.77,14.81,375314.0,9820.954907161804,10000.0,,,OHLCV分析：近期股价从20元高点回落至15元附近，成交量持续萎缩，换手率下降，显示市场参与度降低；技术指标分析：SMA5(15.154)低于SMA20(16.634)呈空头排列，RSI(40.802)处于中性偏低区域，布林带(上轨19.285/中轨16.634/下轨13.984)显示价格接近下轨，MACD柱状图持续负值但未形成金叉，KDJ指标%K(13.533)和%D(10.001)处于超卖区域但未交叉，ATR(0.77675)显示波动率较低；市场环境：上证指数受国际局势影响波动加大，北向资金流向不稳定，科技板块整体调整；消息面：公司年报显示积极拥抱AI创新，但国际关税政策和经济衰退担忧构成压力；仓位分析：当前空仓，作为风险厌恶型投资者，建议等待更明确的技术企稳信号后再考虑建仓。,市场不确定性高，技术指标偏弱，等待更明确信号
13.9,14.12,13.33,13.33,516251.0,9217.506631299735,10000.0,,,OHLCV分析：近期股价从20元高点回落至14.81元，成交量持续萎缩，显示市场参与度降低，换手率下降明显；技术指标分析：SMA5(15.03)低于SMA20(16.466)且呈下行趋势，RSI(39.524)处于弱势区域但未超卖，布林带(上轨19.13/中轨16.466/下轨13.802)显示价格接近下轨，MACD柱状图持续负值但未出现金叉，KDJ指标%K(12.59)和%D(11.847)均处于超卖区域但未形成金叉，ATR(0.74258)显示波动率降低；市场环境：上证指数受外部环境影响走弱，北向资金流出，科技板块整体承压；消息面：公司虽有北京地铁项目利好，但管理层变动带来不确定性，叠加国际贸易政策风险；仓位分析：当前空仓，作为风险厌恶型投资者，在技术面和基本面未明确企稳前不宜入场。,市场不确定性高，技术指标偏弱，建议观望
13.5,13.54,12.67,13.1,937138.0,8952.254641909814,10000.0,,,OHLCV分析：股价近期大幅下跌，4月7日单日跌幅达9.99%，成交量放大，显示市场恐慌情绪；技术指标分析：SMA5(14.612)下穿SMA20(16.132)形成死叉，RSI(30.2)接近超卖区域但未形成底部信号，布林带(上轨18.607/中轨16.132/下轨13.658)显示价格接近下轨，MACD柱状图持续负值且无金叉信号，KDJ指标%K(9.1198)和%D(11.748)均处于超卖区域但未形成金叉，ATR(0.79513)显示波动率较高；市场环境：上证指数整体低迷，科技板块承压，北向资金流出；消息面：特朗普关税政策引发市场动荡，全球经济衰退预期增强，对科技股形成压力；仓位分析：当前无持仓，可用资金10000元，但市场风险较高，建议观望等待更明确的买入信号。,市场情绪低迷，技术指标偏弱，短期观望为宜
12.85,13.54,12.21,13.49,803125.0,8521.220159151193,10000.0,,,OHLCV分析：股价从20元高点持续下跌至13.1元，成交量萎缩，换手率降低，显示市场参与度下降；技术指标分析：SMA5(14.22)低于SMA20(15.886)呈空头排列，RSI(29.076)接近超卖区域但未出现明显反转信号，布林带(上轨18.532/中轨15.886/下轨13.24)显示股价在下轨附近徘徊，MACD柱状图持续负值且无金叉信号，KDJ指标%K(6.8411)和%D(9.517)均处于超卖区域但未交叉向上，ATR(0.80066)显示波动率较高；市场环境：上证指数虽反弹但整体市场情绪谨慎，北向资金流向不明，科技板块表现一般；消息面：公司回购股份显示信心但净利润亏损严重，宏观经济环境不确定性高；仓位分析：当前无持仓，风险厌恶型投资者应等待更明确信号。,股价处于下行趋势，技术指标偏弱，市场环境不明朗，建议观望
13.95,14.13,13.55,13.61,698092.0,9250.663129973474,10000.0,,,OHLCV分析：股价从20元高点快速下跌至13.49元，成交量近期放大显示恐慌抛售，换手率波动较大；技术指标分析：SMA5(13.944)远低于SMA20(15.666)呈空头排列，RSI(33.673)处于超卖边缘但未形成背离，布林带(上轨18.34/中轨15.666/下轨12.992)价格触及下轨，MACD柱状图(-0.415)虽收窄但仍为负值，KDJ指标(%K11.98/%D9.31)严重超卖但未金叉，ATR(0.839)显示波动加剧；市场环境：科技板块整体承压，北向资金近期流出明显；消息面：2024年财报巨亏20.69亿元且营收下滑，管理层变动带来不确定性，虽有一季度战略合作利好但难掩基本面恶化；仓位分析：当前空仓状态，作为风险厌恶型投资者，在技术面和基本面未现明确反转信号前应保持观望。,财报亏损严重，技术面弱势，等待企稳信号
13.67,14.12,13.57,13.79,450073.0,9064.986737400532,10000.0,,,OHLCV分析：股价从20元高点持续下跌至13.61元，成交量近期萎缩，显示市场参与度降低；技术指标分析：SMA5(13.668)低于SMA20(15.465)呈空头排列，RSI(35.16)处于弱势区域但未超卖，布林带(上轨18.123/中轨15.465/下轨12.807)显示股价在下轨附近徘徊，MACD柱状图持续为负但未创新低，KDJ指标%K(23.016)和%D(13.947)处于低位，ATR(0.82462)显示波动率较高；市场环境：大盘走势不明朗，资金流出5624.16万元显示市场情绪谨慎；消息面：无重大利好，资金流出压力明显；仓位分析：当前空仓，风险厌恶型投资者应等待更明确买入信号。,股价处于下跌趋势，技术指标偏弱，资金流出明显，建议观望
13.87,14.15,13.86,13.9,410371.0,9197.612732095491,10000.0,13.87,,OHLCV分析：股价从20元高点快速回落至13.79元，跌幅超30%，成交量近期有所放大显示有资金介入；技术指标分析：SMA5(13.464)远低于SMA20(15.27)呈空头排列但乖离率过大，RSI(37.263)脱离超卖区，布林带(上轨17.82/中轨15.27/下轨12.72)股价接近下轨，MACD绿柱持续缩短(-0.311)，KDJ中%K(33.689)上穿%D(22.896)形成金叉，ATR(0.805)显示波动率较高；市场环境：科技板块受AI概念带动回暖，北向资金近期对软件服务板块增持；消息面：公司举办AI创新峰会获市场关注，高级副总裁表态强化AI战略布局；仓位分析：当前空仓且为风险厌恶型投资者，建议用70%仓位(7手)分批建仓，捕捉超跌反弹机会。,技术面超卖，政策利好AI数智化，短期反弹概率大
13.91,14.01,13.62,13.77,277114.0,9224.137931034484,10028.0,,,OHLCV分析：股价从20元高点持续下跌至13.9元，跌幅超30%，近期成交量萎缩至40万手左右，显示市场交投清淡；技术指标分析：SMA5(13.578)仍低于SMA20(15.097)呈空头排列，RSI(38.785)虽脱离超卖区但仍低于50中轴，布林带(上轨17.521/中轨15.097/下轨12.674)显示价格在下轨附近徘徊，MACD柱状图(-0.2478)负值收窄但未形成金叉，KDJ指标%K(39.641)与%D(32.116)低位交织，ATR(0.773)显示波动率下降；市场环境：科技板块整体调整，北向资金近期流出明显；消息面：业绩说明会前市场观望情绪浓厚，政策利好需业绩验证；仓位分析：当前持仓占比过高(97%)但已深度套牢，短期反弹概率较低，建议等待明确企稳信号。,技术面仍处弱势，等待企稳信号，维持现有仓位
13.65,13.74,13.36,13.59,387161.0,9051.724137931034,9846.0,,,OHLCV分析：股价从20元高点持续下跌至13.77元，成交量萎缩显示市场参与度降低，最新交易日出现短实体线表明趋势疲弱；技术指标分析：SMA5(13.712)持续低于SMA20(14.931)呈空头排列，RSI(37.811)仍处弱势区间但未达超卖，布林带(上轨17.236/中轨14.931/下轨12.626)显示价格沿下轨运行，MACD柱状图(-0.1992)负值收窄但未金叉，KDJ指标%K(42.934)与%D(38.755)低位徘徊，ATR(0.74632)显示波动率下降；市场环境：虽科技板块整体向好，但个股走势分化，北向资金近期流向不明；消息面：公司基本面利好但技术面尚未消化前期跌幅；仓位分析：当前持仓7手占比过高(97%)，但可用资金不足且风险厌恶型投资者不宜盲目补仓，建议等待更明确企稳信号。,股价处于下行通道，技术指标未现明确反转信号，维持现有仓位
13.5,14.08,13.41,13.88,496201.0,8952.254641909814,9741.0,,13.5,OHLCV分析：股价从20元高点持续下跌至13.59元，跌幅超30%，成交量萎缩显示买盘不足；技术指标分析：SMA5(13.732)持续低于SMA20(14.753)呈空头排列，RSI(36.378)处于弱势区域，布林带(上轨16.892/中轨14.753/下轨12.615)显示价格在下轨附近，MACD柱状图持续负值且无金叉信号，KDJ指标%K(41.818)与%D(41.464)低位徘徊，ATR(0.72272)显示波动率降低；市场环境：计算机板块资金大幅流出34.4亿元，北向资金持续流出；消息面：行业整体承压，公司无实质性利好；仓位分析：当前持仓占比97%严重超配，作为风险厌恶型投资者应立即止损。,技术面持续恶化，资金流出明显，风险厌恶型投资者应止损
13.84,13.93,13.48,13.55,312051.0,9177.718832891247,9741.0,,,OHLCV分析：股价近期呈现震荡下行趋势，4月17日出现反弹但成交量未明显放大，换手率较低显示市场参与度不高；技术指标分析：SMA5(13.786)仍低于SMA20(14.617)，但差距缩小，RSI(40.492)处于中性偏低位置，布林带(上轨16.607/中轨14.617/下轨12.627)显示价格接近下轨，MACD柱状图负值缩小但未形成金叉，KDJ指标%K(42.41)与%D(42.387)接近交叉，ATR(0.72006)显示波动率较低；市场环境：上证指数表现强劲，科技板块整体上涨，北向资金流向不明；消息面：软件行业整体向好，用友网络被列入重要指数，机构评级乐观但无实质性利好；仓位分析：当前空仓，风险厌恶型投资者宜等待更明确信号。,市场震荡整理，技术指标中性，维持观望
13.5,14.27,13.43,14.19,615528.0,8952.254641909814,9741.0,,,OHLCV分析：近期股价持续下跌，成交量萎缩，换手率较低，显示市场参与度不高；技术指标分析：SMA5(13.738)低于SMA20(14.469)呈空头排列，RSI(37.883)处于低位但未达超卖区域，布林带(上轨16.308/中轨14.469/下轨12.63)显示价格接近下轨，MACD柱状图负值缩小但未形成金叉，KDJ指标%K(42.974)与%D(42.4)交织无明显方向，ATR(0.70183)显示波动率较低；市场环境：计算机板块资金流出，大盘情绪谨慎，北向资金动向不明；消息面：公司治理稳定但行业整体表现不佳，宏观经济复苏乏力；仓位分析：当前空仓，风险厌恶型投资者应等待更明确信号。,市场情绪谨慎，技术指标未现明确买入信号
14.14,14.19,13.73,13.75,485883.0,9376.657824933687,9741.0,14.14,,OHLCV分析：最新收盘价14.19元较前日上涨4.6%，成交量放大至61.55万手，呈现量价齐升态势，近5日成交量较前期增加47%；技术指标分析：SMA5(13.796)开始走平，与SMA20(14.388)差距缩小，RSI(45.985)脱离超卖区，布林带(上轨16.124/中轨14.388/下轨12.652)显示价格仍在下轨与中轨之间但向上突破，MACD柱状图(-0.022)接近零轴有金叉迹象，KDJ指标%K(52.266)上穿%D(45.883)形成金叉，ATR(0.713)显示波动率适中；市场环境：计算机行业资金净流入39.51亿元，数字经济ETF表现强势，北向资金开始回流科技板块；消息面：金融数据行业新规利好软件企业，公司在中证软件服务指数权重提升；仓位分析：当前空仓，风险厌恶型投资者可分批建仓，建议买入6手（可用资金全部投入），止损位设在13.33元前低。,技术面企稳回升，政策利好数字经济，短期反弹概率大
13.89,14.18,13.75,13.83,402795.0,9210.875331564988,9591.0,,,OHLCV分析：股价近期在13.5-14.2区间震荡，成交量萎缩，换手率较低，显示市场观望情绪浓厚；技术指标分析：SMA5(13.792)仍低于SMA20(14.294)，但差距缩小，RSI(42.276)处于中性区域，布林带(上轨15.953/中轨14.294/下轨12.635)显示价格在中轨下方，MACD柱状图接近零轴但未形成金叉，KDJ指标%K(54.469)与%D(49.903)交织，ATR(0.69743)显示波动率较低；市场环境：上证指数震荡整理，市场情绪谨慎，北向资金小幅波动，科技板块表现分化；消息面：H股上市计划长期利好但短期影响有限，市场对AI概念板块情绪偏弱；仓位分析：当前仓位87%，风险厌恶型投资者应避免追高，维持现有仓位等待更明确信号。,市场震荡整理，技术指标中性，维持现有仓位
13.84,13.9,13.41,13.52,315041.0,9177.718832891247,9561.0,,,OHLCV分析：当前价格13.83元处于近30日低位，成交量较前期有所萎缩，换手率较低；技术指标分析：SMA5(13.84)与SMA20(14.208)仍呈空头排列但差距缩小，RSI(43.461)处于中性偏低位置，布林带(上轨15.773/中轨14.208/下轨12.643)显示价格在中轨下方但接近中轨，MACD柱状图由负转正但未形成金叉，KDJ指标%K(58.395)高于%D(55.043)但未超买，ATR(0.6807)显示波动率较低；市场环境：大盘整体表现尚未明确，北向资金流向不明，科技板块整体震荡；消息面：用友网络筹划H股上市可能带来长期利好但短期影响有限；交易历史回顾：近期操作频繁且仓位变动较大，当前仓位87%较高；仓位分析：当前仓位87%，风险厌恶型投资者应保持谨慎，维持现有仓位观望。,市场震荡整理，技术指标中性，维持现有仓位
13.8,14.04,13.57,13.7,303551.0,9151.193633952256,9537.0,,,OHLCV分析：股价近期在13.5-14.2区间震荡，成交量萎缩，换手率较低，显示市场观望情绪浓厚；技术指标分析：SMA5(13.768)与SMA20(14.094)接近但未形成金叉，RSI(40.927)处于中性偏低位置，布林带(上轨15.503/中轨14.094/下轨12.685)显示价格在中轨下方，MACD柱状图接近零轴但未形成金叉，KDJ指标%K(57.593)与%D(56.819)交织，ATR(0.6698)显示波动率较低；市场环境：A股大盘近期表现向好，软件开发行业受关注，北向资金流向平稳；消息面：政策支持数字经济，公司发布新产品并达成合作协议，利好长期发展；交易历史回顾：近期频繁交易导致成本增加，当前仓位87%较高；仓位分析：当前仓位87%，风险厌恶型投资者应保持谨慎，维持现有仓位等待更明确信号。,市场震荡整理，技术指标中性，维持现有仓位
13.38,13.95,13.32,13.62,469186.0,8872.679045092838,9285.0,,13.38,OHLCV分析：股价从17.36元持续下跌至13.7元，近5日成交量萎缩至30万手左右，换手率低于1%，显示市场参与度低；技术指标分析：SMA5(13.798)仍低于SMA20(14.007)呈空头排列，RSI(43.43)处于弱势区间但未超卖，布林带(上轨15.284/中轨14.007/下轨12.731)显示价格在中轨下方运行，MACD柱状图虽转正但未形成金叉，KDJ指标%K(64.123)与%D(60.037)在50轴附近交织，ATR(0.661)显示波动率持续降低；市场环境：上证指数近期震荡下行，科技板块表现疲软，北向资金持续流出；消息面：一季度财报显示营收同比下降21.22%，净亏损扩大至7.36亿元，经营现金流为-10.22亿元，基本面恶化明显；仓位分析：当前持仓6手占比87%，作为风险厌恶型投资者，应在基本面和技术面双重利空下及时止损。,财报利空叠加技术面弱势，风险厌恶型投资者应止损
13.62,14.06,13.45,13.82,518439.0,9031.83023872679,9285.0,,,OHLCV分析：股价近期在13.32-14.27区间震荡，成交量较前期有所萎缩，换手率较低，显示市场观望情绪浓厚；技术指标分析：SMA5(13.684)与SMA20(13.917)接近但未形成金叉，RSI(42.465)处于中性区域，布林带(上轨15.025/中轨13.917/下轨12.81)显示价格在中轨附近，MACD柱状图虽为正但未形成金叉，KDJ指标%K(68.123)高于%D(63.279)但未超买，ATR(0.65959)显示波动率较低；市场环境：上证指数横盘整理，北向资金小幅波动，科技板块整体表现平淡；消息面：国际局势和政策变化对用友网络的影响较大，但当前无直接利好或利空消息；交易历史回顾：近期交易频繁但效果不佳，显示当前市场环境下操作难度较大；仓位分析：当前空仓，风险厌恶型投资者应等待更明确信号。,市场震荡整理，技术指标中性，维持观望
